name,website,description,tags
stackoverflow,www.stackoverflow.com,Programming forum,help forum
name,website,description,tags
github,www.github.com,Version Control,git
name,website,description,tags
stackoverflow,www.stackoverflow.com,Programming forum,help forum
name,website,description,tags
github,www.github.com,Version Control,git
name,website,description,tags
stackoverflow,www.stackoverflow.com,Programming forum,help forum
name,website,description,tags
github,www.github.com,Version Control,git
name,website,description,tags
stackoverflow,www.stackoverflow.com,Programming forum,help forum
name,website,description,tags
github,www.github.com,Version Control,git
